tractate	daf
Berakhot	3
Berakhot	8
Berakhot	17
Berakhot	22
Berakhot	23
Berakhot	25
Berakhot	26
Berakhot	27
Berakhot	28
Berakhot	30
Berakhot	32
Berakhot	37
Berakhot	38
Berakhot	40
Berakhot	44
Berakhot	46
Berakhot	47
Berakhot	51
Berakhot	55
Berakhot	56
Berakhot	57
Berakhot	59
Berakhot	60
Berakhot	61
Berakhot	62
Berakhot	63
Berakhot	64
Shabbat	3
Shabbat	5
Shabbat	6
Shabbat	10
Shabbat	17
Shabbat	24
Shabbat	28
Shabbat	29
Shabbat	31
Shabbat	32
Shabbat	34
Shabbat	38
Shabbat	45
Shabbat	52
Shabbat	59
Shabbat	66
Shabbat	73
Shabbat	80
Shabbat	87
Shabbat	93
Shabbat	94
Shabbat	95
Shabbat	101
Shabbat	105
Shabbat	106
Shabbat	108
Shabbat	109
Shabbat	115
Shabbat	121
Shabbat	122
Shabbat	127
Shabbat	128
Shabbat	129
Shabbat	136
Shabbat	143
Shabbat	149
Shabbat	150
Shabbat	151
Shabbat	157
Eiruvin	8
Eiruvin	15
Eiruvin	17
Eiruvin	18
Eiruvin	20
Eiruvin	23
Eiruvin	24
Eiruvin	25
Eiruvin	26
Eiruvin	29
Eiruvin	36
Eiruvin	37
Eiruvin	38
Eiruvin	39
Eiruvin	40
Eiruvin	41
Eiruvin	42
Eiruvin	43
Eiruvin	50
Eiruvin	57
Eiruvin	64
Eiruvin	68
Eiruvin	69
Eiruvin	71
Eiruvin	78
Eiruvin	85
Eiruvin	92
Eiruvin	94
Eiruvin	99
Eiruvin	102
Eiruvin	103
Eiruvin	104
Eiruvin	105
Pesachim	2
Pesachim	3
Pesachim	4
Pesachim	8
Pesachim	9
Pesachim	10
Pesachim	12
Pesachim	13
Pesachim	16
Pesachim	20
Pesachim	21
Pesachim	22
Pesachim	23
Pesachim	24
Pesachim	26
Pesachim	29
Pesachim	30
Pesachim	37
Pesachim	44
Pesachim	51
Pesachim	57
Pesachim	58
Pesachim	65
Pesachim	72
Pesachim	77
Pesachim	78
Pesachim	79
Pesachim	90
Pesachim	91
Pesachim	92
Pesachim	93
Pesachim	94
Pesachim	98
Pesachim	99
Pesachim	100
Pesachim	104
Pesachim	107
Pesachim	114
Pesachim	121
Shekalim	2
Shekalim	8
Shekalim	15
Shekalim	22
Rosh Hashanah	2
Rosh Hashanah	4
Rosh Hashanah	9
Rosh Hashanah	16
Rosh Hashanah	23
Rosh Hashanah	27
Rosh Hashanah	28
Rosh Hashanah	30
Rosh Hashanah	34
Yoma	8
Yoma	9
Yoma	12
Yoma	15
Yoma	19
Yoma	20
Yoma	21
Yoma	22
Yoma	23
Yoma	29
Yoma	32
Yoma	33
Yoma	34
Yoma	35
Yoma	36
Yoma	37
Yoma	38
Yoma	43
Yoma	50
Yoma	51
Yoma	52
Yoma	57
Yoma	64
Yoma	71
Yoma	77
Yoma	78
Yoma	79
Yoma	85
Yoma	86
Sukkah	5
Sukkah	12
Sukkah	19
Sukkah	26
Sukkah	33
Sukkah	40
Sukkah	47
Sukkah	56
Beitzah	6
Beitzah	9
Beitzah	13
Beitzah	16
Beitzah	17
Beitzah	20
Beitzah	21
Beitzah	22
Beitzah	23
Beitzah	24
Beitzah	26
Beitzah	27
Beitzah	34
Beitzah	38
Ta'anit	3
Ta'anit	6
Ta'anit	10
Ta'anit	17
Ta'anit	24
Ta'anit	25
Ta'anit	26
Ta'anit	27
Ta'anit	28
Ta'anit	29
Ta'anit	30
Ta'anit	31
Megillah	2
Megillah	6
Megillah	7
Megillah	8
Megillah	9
Megillah	10
Megillah	13
Megillah	14
Megillah	15
Megillah	16
Megillah	17
Megillah	21
Megillah	22
Megillah	23
Megillah	25
Megillah	28
Megillah	29
Moed Katan	5
Moed Katan	10
Moed Katan	11
Moed Katan	12
Moed Katan	13
Moed Katan	18
Moed Katan	19
Moed Katan	26
Chagigah	5
Chagigah	8
Chagigah	12
Chagigah	17
Chagigah	18
Chagigah	19
Chagigah	27
Yevamot	2
Yevamot	5
Yevamot	6
Yevamot	7
Yevamot	11
Yevamot	12
Yevamot	13
Yevamot	17
Yevamot	20
Yevamot	21
Yevamot	27
Yevamot	34
Yevamot	35
Yevamot	43
Yevamot	45
Yevamot	46
Yevamot	47
Yevamot	48
Yevamot	49
Yevamot	50
Yevamot	53
Yevamot	54
Yevamot	55
Yevamot	56
Yevamot	60
Yevamot	62
Yevamot	68
Yevamot	69
Yevamot	70
Yevamot	71
Yevamot	77
Yevamot	84
Yevamot	85
Yevamot	87
Yevamot	91
Yevamot	93
Yevamot	98
Yevamot	105
Yevamot	113
Yevamot	119
Ketubot	5
Ketubot	12
Ketubot	19
Ketubot	20
Ketubot	21
Ketubot	26
Ketubot	33
Ketubot	34
Ketubot	38
Ketubot	42
Ketubot	45
Ketubot	47
Ketubot	49
Ketubot	52
Ketubot	53
Ketubot	57
Ketubot	61
Ketubot	65
Ketubot	66
Ketubot	67
Ketubot	68
Ketubot	69
Ketubot	75
Ketubot	82
Ketubot	83
Ketubot	84
Ketubot	85
Ketubot	89
Ketubot	92
Ketubot	95
Ketubot	96
Ketubot	103
Ketubot	110
Ketubot	111
Ketubot	112
Nedarim	6
Nedarim	13
Nedarim	20
Nedarim	23
Nedarim	27
Nedarim	34
Nedarim	35
Nedarim	41
Nedarim	43
Nedarim	48
Nedarim	55
Nedarim	56
Nedarim	62
Nedarim	63
Nedarim	69
Nedarim	73
Nedarim	77
Nedarim	80
Nedarim	84
Nedarim	87
Nazir	7
Nazir	14
Nazir	21
Nazir	22
Nazir	23
Nazir	24
Nazir	27
Nazir	30
Nazir	34
Nazir	37
Nazir	38
Nazir	39
Nazir	43
Nazir	45
Nazir	46
Nazir	50
Nazir	51
Nazir	57
Nazir	58
Nazir	64
Sotah	4
Gittin	76
Gittin	83
Kiddushin	74
Bava Batra	35
Bava Batra	68
Bava Batra	130
Bava Batra	131
Bava Batra	164
Sanhedrin	47
Sanhedrin	60
Sanhedrin	94
Avodah Zarah	44
Menachot	66
Hullin	7
Hullin	14
Hullin	21
Hullin	28
Hullin	30
Hullin	35
Hullin	42
Hullin	45
Hullin	48
Hullin	55
Hullin	62
Hullin	65
Hullin	69
Hullin	76
Hullin	83
Hullin	90
Hullin	93
Hullin	95
Hullin	96
Hullin	97
Hullin	109
Hullin	110
Hullin	111
Hullin	116
Hullin	117
Hullin	118
Hullin	125
Hullin	132
Hullin	139
Bekhorot	5
Bekhorot	12
Bekhorot	19
Bekhorot	26
Bekhorot	33
Bekhorot	37
Bekhorot	39
Bekhorot	41
Bekhorot	46
Bekhorot	54
Bekhorot	57
Bekhorot	61
Arakhin	8
Arakhin	15
Arakhin	16
Arakhin	17
Arakhin	22
Arakhin	23
Arakhin	24
Arakhin	29
Temurah	4
Temurah	11
Temurah	14
Temurah	18
Temurah	25
Temurah	32
Keritot	3
Keritot	5
Keritot	6
Keritot	8
Keritot	11
Keritot	19
Keritot	24
Keritot	25
Keritot	26
Keritot	27
Keritot	28
Meilah	2
Meilah	5
Meilah	7
Meilah	10
Meilah	13
Meilah	15
Meilah	22
Kinnim	22
Tamid	25
Tamid	29
Middot	35
Niddah	6
Niddah	7
Niddah	8
Niddah	12
Niddah	19
Niddah	26
Niddah	33
Niddah	40
Niddah	47
Niddah	54
Niddah	61
Niddah	68
Niddah	69
Niddah	73
